{"professor_id": 1, "name": "Sarah", "birthdate": "1992-11-23", "nationality": "Colombia", "gender": "Female", "status": "", "entrance_date": "1973-11-03", "retirement_date": "None"}
{"professor_id": 2, "name": "Jonathan", "birthdate": "1973-12-31", "nationality": "Colombia", "gender": "Female", "status": "", "entrance_date": "2004-12-23", "retirement_date": "None"}
{"professor_id": 3, "name": "Susan", "birthdate": "2007-03-13", "nationality": "Colombia", "gender": "Female", "status": "", "entrance_date": "2001-11-03", "retirement_date": "None"}
{"professor_id": 4, "name": "Stephanie", "birthdate": "1953-04-29", "nationality": "Colombia", "gender": "Female", "status": "", "entrance_date": "2008-07-23", "retirement_date": "None"}
{"professor_id": 5, "name": "Brittany", "birthdate": "1994-03-28", "nationality": "Colombia", "gender": "Male", "status": "", "entrance_date": "1999-04-27", "retirement_date": "None"}
{"professor_id": 6, "name": "Anthony", "birthdate": "1942-10-07", "nationality": "Colombia", "gender": "Male", "status": "", "entrance_date": "1988-11-18", "retirement_date": "None"}
{"professor_id": 7, "name": "Cynthia", "birthdate": "1943-03-07", "nationality": "Colombia", "gender": "Female", "status": "", "entrance_date": "2009-12-17", "retirement_date": "None"}
{"professor_id": 8, "name": "Lisa", "birthdate": "1965-03-25", "nationality": "Colombia", "gender": "Male", "status": "", "entrance_date": "1977-01-16", "retirement_date": "None"}
{"professor_id": 9, "name": "Michael", "birthdate": "2022-07-31", "nationality": "Colombia", "gender": "Female", "status": "", "entrance_date": "1989-04-27", "retirement_date": "None"}
{"professor_id": 10, "name": "Tiffany", "birthdate": "1948-11-11", "nationality": "Colombia", "gender": "Female", "status": "", "entrance_date": "1990-01-09", "retirement_date": "None"}
{"professor_id": 11, "name": "Kelsey", "birthdate": "1990-10-14", "nationality": "Colombia", "gender": "Female", "status": "", "entrance_date": "2002-02-14", "retirement_date": "None"}
{"professor_id": 12, "name": "Kayla", "birthdate": "1944-09-22", "nationality": "Israel", "gender": "Male", "status": "", "entrance_date": "2004-06-17", "retirement_date": "None"}
{"professor_id": 13, "name": "Christina", "birthdate": "1966-12-02", "nationality": "Colombia", "gender": "Female", "status": "", "entrance_date": "1990-11-07", "retirement_date": "None"}
{"professor_id": 14, "name": "Pamela", "birthdate": "1917-08-31", "nationality": "Colombia", "gender": "Male", "status": "", "entrance_date": "2014-10-23", "retirement_date": "None"}
{"professor_id": 15, "name": "Tammy", "birthdate": "2009-04-06", "nationality": "Colombia", "gender": "Female", "status": "", "entrance_date": "1999-12-17", "retirement_date": "None"}
{"professor_id": 16, "name": "Jonathan", "birthdate": "1994-04-19", "nationality": "Colombia", "gender": "Male", "status": "", "entrance_date": "1994-11-21", "retirement_date": "None"}
{"professor_id": 17, "name": "Danny", "birthdate": "1982-05-18", "nationality": "Colombia", "gender": "Male", "status": "", "entrance_date": "2011-11-23", "retirement_date": "None"}
{"professor_id": 18, "name": "Dustin", "birthdate": "1973-10-29", "nationality": "Colombia", "gender": "Male", "status": "", "entrance_date": "1997-04-22", "retirement_date": "None"}
{"professor_id": 19, "name": "Andre", "birthdate": "2012-01-26", "nationality": "Colombia", "gender": "Female", "status": "", "entrance_date": "1990-12-30", "retirement_date": "None"}
{"professor_id": 20, "name": "Victoria", "birthdate": "1994-05-16", "nationality": "Colombia", "gender": "Female", "status": "", "entrance_date": "1985-11-08", "retirement_date": "None"}
{"professor_id": 21, "name": "Tracy", "birthdate": "1960-01-27", "nationality": "Colombia", "gender": "Male", "status": "", "entrance_date": "1984-04-03", "retirement_date": "None"}
{"professor_id": 22, "name": "Laura", "birthdate": "1945-02-14", "nationality": "Colombia", "gender": "Male", "status": "", "entrance_date": "1997-11-30", "retirement_date": "None"}
{"professor_id": 23, "name": "Traci", "birthdate": "1907-10-26", "nationality": "Colombia", "gender": "Male", "status": "", "entrance_date": "1981-01-05", "retirement_date": "None"}
{"professor_id": 24, "name": "Raymond", "birthdate": "1952-03-18", "nationality": "France", "gender": "Male", "status": "", "entrance_date": "1999-03-28", "retirement_date": "None"}
{"professor_id": 25, "name": "Lisa", "birthdate": "1951-06-04", "nationality": "Colombia", "gender": "Male", "status": "", "entrance_date": "1970-05-25", "retirement_date": "None"}
{"professor_id": 26, "name": "Eric", "birthdate": "1934-01-23", "nationality": "Colombia", "gender": "Female", "status": "", "entrance_date": "2008-01-19", "retirement_date": "None"}
{"professor_id": 27, "name": "Christina", "birthdate": "1964-03-14", "nationality": "Colombia", "gender": "Male", "status": "", "entrance_date": "1979-07-31", "retirement_date": "None"}
{"professor_id": 28, "name": "Kristy", "birthdate": "1984-11-30", "nationality": "Colombia", "gender": "Male", "status": "", "entrance_date": "2008-05-18", "retirement_date": "None"}
{"professor_id": 29, "name": "Robert", "birthdate": "1958-08-02", "nationality": "Colombia", "gender": "Female", "status": "", "entrance_date": "1996-10-20", "retirement_date": "None"}
{"professor_id": 30, "name": "Cole", "birthdate": "1949-08-21", "nationality": "Colombia", "gender": "Female", "status": "", "entrance_date": "1997-12-28", "retirement_date": "None"}
