{"program_id": 1, "sia_code": "2879", "name": "Ingeniería de Sistemas y Computación", "education_level": "Profesional - Pregrado", "department": "Ingeniería de sistemas e industrial", "faculty": "Ingeniería", "campus": "Bogotá", "mandatory_disciplinary_credits": 54, "mandatory_fundamental_credits": 15, "optional_disciplinary_credits": 27, "optional_fundamental_credits": 36, "free_choice_credits": 33}
{"program_id": 2, "sia_code": "2545", "name": "Ingeniería Electrónica", "education_level": "Profesional - Pregrado", "department": "Ingeniería de eléctrica y electrónica", "faculty": "Ingeniería", "campus": "Bogotá", "mandatory_disciplinary_credits": 72, "mandatory_fundamental_credits": 51, "optional_disciplinary_credits": 6, "optional_fundamental_credits": 9, "free_choice_credits": 34}
{"program_id": 3, "sia_code": "2548", "name": "Ingeniería Mecatrónica", "education_level": "Profesional - Pregrado", "department": "Ingeniería Mecánica y Mecatrónica", "faculty": "Ingeniería", "campus": "Bogotá", "mandatory_disciplinary_credits": 81, "mandatory_fundamental_credits": 47, "optional_disciplinary_credits": 6, "optional_fundamental_credits": 9, "free_choice_credits": 36}
